Student ID,Intervention Type,Date of Intervention,Reason for Intervention,Assigned Staff/Teacher ID,Intervention Duration,Outcome of Intervention,Parent Involvement,Next Steps/Recommendations,Intervention Notes
1501,Tutoring,2022-07-25,Low grades,15,3,Grade improvement,Yes,Continue tutoring sessions for 2 more months. Monitor student's progress closely.,"The student showed significant improvement in their grades after the first month of tutoring. However, there is a need to address their time management skills to ensure long-term success."
1502,Counseling,2022-08-01,Behavioral issues,20,2,Behavioral improvement,No,Schedule regular check-ins with the student to monitor their behavior. Implement a reward system to encourage positive behavior.,The student has shown marked improvement in their behavior since the start of counseling sessions. They have become more responsible and respectful towards peers and teachers.
1503,Special Education,2022-08-15,Learning difficulties,18,4,Improved understanding,Yes,Continue special education sessions for an additional 2 months. Develop a personalized learning plan for the student.,"The student has demonstrated a better understanding of the material after the special education sessions. However, there is a need to work on their communication skills to ensure they can express their thoughts effectively."
1504,Mentorship,2022-09-01,Lack of motivation,22,1,Increased motivation,Yes,Schedule regular meetings with the mentor to discuss progress and goals. Encourage the student to set achievable objectives.,The student has shown significant improvement in their motivation after the mentorship sessions. They have become more engaged in class and are willing to participate in discussions.
1505,Speech Therapy,2022-09-15,Speech difficulties,25,5,Improved communication,Yes,Continue speech therapy sessions for an additional 3 months. Monitor the student's progress closely.,"The student has demonstrated improved communication skills after the speech therapy sessions. However, there is a need to work on their pronunciation to ensure clear and effective communication."
1506,Behavioral Support,2022-10-01,Behavioral issues,28,2,Behavioral improvement,No,Schedule regular check-ins with the student to monitor their behavior. Implement a reward system to encourage positive behavior.,The student has shown marked improvement in their behavior since the start of behavioral support sessions. They have become more responsible and respectful towards peers and teachers.
1507,Academic Support,2022-10-15,Low grades,30,3,Grade improvement,Yes,Continue academic support sessions for an additional 2 months. Develop a personalized learning plan for the student.,"The student has demonstrated a better understanding of the material after the academic support sessions. However, there is a need to work on their time management skills to ensure long-term success."
1508,Counseling,2022-11-01,Emotional difficulties,32,4,Emotional improvement,Yes,Schedule regular check-ins with the student to monitor their emotional well-being. Implement a stress management plan to help the student cope with stress.,The student has shown significant improvement in their emotional well-being after the counseling sessions. They have become more confident and resilient in the face of challenges.
1509,Speech Therapy,2022-11-15,Speech difficulties,35,5,Improved communication,Yes,Continue speech therapy sessions for an additional 3 months. Monitor the student's progress closely.,"The student has demonstrated improved communication skills after the speech therapy sessions. However, there is a need to work on their pronunciation to ensure clear and effective communication."
1510,Mentorship,2022-12-01,Lack of motivation,38,1,Increased motivation,Yes,Schedule regular meetings with the mentor to discuss progress and goals. Encourage the student to set achievable objectives.,The student has shown significant improvement in their motivation after the mentorship sessions. They have become more engaged in class and are willing to participate in discussions.
S00123,Tutoring,2022-09-01,Low grades,T00234,4 months,Grade improvement,Yes,Continue tutoring sessions and monitor progress. Assign a study buddy to aid in understanding the subject matter. Encourage the student to ask questions and engage in class discussions. Monitor the student's grades and adjust the tutoring plan as needed.,"The student showed significant improvement in their understanding of the subject matter after the first two sessions. However, they struggled with applying the concepts to real-life scenarios. The student's parents were supportive and attended the sessions, providing valuable insights into the student's learning style and pace."
S12345,Tutoring,2024-07-20,Low grades,T001,3 months,Grade improvement,Yes,Continue tutoring sessions and review student progress in 2 weeks. Schedule a parent-teacher conference to discuss further support.,"The student showed significant improvement in their grades after the first month of tutoring. However, they still struggle with time management and need to work on completing assignments on time."
S12345,Tutoring,2023-07-20,Low grades,T001,3,Grade improvement,Yes,Monitor student progress and adjust tutoring schedule as needed. Provide additional support in math and reading.,"The student showed significant improvement in math, but struggled with reading comprehension. We will need to provide extra support in reading to help the student catch up."
S67890,Counseling,2023-07-22,Behavioral issues,C002,2,Behavioral improvement,Yes,Continue counseling sessions to address underlying issues. Monitor student behavior and provide support as needed.,"The student showed significant improvement in behavior, but still requires close monitoring. We will need to continue counseling sessions to address any underlying issues."
S34567,Special Education,2023-07-24,Learning difficulties,S003,6,Improved academic performance,Yes,Continue special education services and provide additional support in areas of need.,"The student showed significant improvement in academic performance, but still requires ongoing support. We will need to continue special education services to help the student succeed."
S90123,Tutoring,2023-07-26,Low grades,T004,2,Grade improvement,Yes,Monitor student progress and adjust tutoring schedule as needed. Provide additional support in math and reading.,"The student showed significant improvement in math, but struggled with reading comprehension. We will need to provide extra support in reading to help the student catch up."
S56789,Counseling,2023-07-28,Behavioral issues,C005,3,Behavioral improvement,Yes,Continue counseling sessions to address underlying issues. Monitor student behavior and provide support as needed.,"The student showed significant improvement in behavior, but still requires close monitoring. We will need to continue counseling sessions to address any underlying issues."
S23456,Special Education,2023-07-30,Learning difficulties,S006,5,Improved academic performance,Yes,Continue special education services and provide additional support in areas of need.,"The student showed significant improvement in academic performance, but still requires ongoing support. We will need to continue special education services to help the student succeed."
S89012,Tutoring,2023-08-01,Low grades,T007,4,Grade improvement,Yes,Monitor student progress and adjust tutoring schedule as needed. Provide additional support in math and reading.,"The student showed significant improvement in math, but struggled with reading comprehension. We will need to provide extra support in reading to help the student catch up."
S45678,Counseling,2023-08-03,Behavioral issues,C008,2,Behavioral improvement,Yes,Continue counseling sessions to address underlying issues. Monitor student behavior and provide support as needed.,"The student showed significant improvement in behavior, but still requires close monitoring. We will need to continue counseling sessions to address any underlying issues."
S12345,Special Education,2023-08-05,Learning difficulties,S009,6,Improved academic performance,Yes,Continue special education services and provide additional support in areas of need.,"The student showed significant improvement in academic performance, but still requires ongoing support. We will need to continue special education services to help the student succeed."
S67890,Tutoring,2023-08-07,Low grades,T010,3,Grade improvement,Yes,Monitor student progress and adjust tutoring schedule as needed. Provide additional support in math and reading.,"The student showed significant improvement in math, but struggled with reading comprehension. We will need to provide extra support in reading to help the student catch up."
S12345,Tutoring,2023-07-15,Low grades,T001,3 months,Grade improvement,Yes,"Continue tutoring sessions weekly, monitor progress and adjust as needed. Consider referral to special education if necessary.",Student struggled with understanding complex math concepts. Tutoring sessions were tailored to address these specific areas of weakness.
S00001234,Tutoring,2023-06-15,Low grades in math,T0012345,3,Grade improvement,Yes,Continue tutoring sessions for 2 more months and monitor progress. Provide additional resources for the student to practice math at home.,The student showed significant improvement in math grades after 2 months of tutoring. The teacher reported that the student is more confident in their abilities and is now completing homework assignments on time.
S00005678,Counseling,2023-07-10,Behavioral issues in class,C0001234,1,Behavioral improvement,No,Schedule regular check-ins with the student to monitor their behavior and provide support as needed. Develop a behavior plan to help the student manage their emotions in the classroom.,The student has shown a significant reduction in behavioral incidents since starting counseling sessions. The counselor reported that the student is now able to express their feelings and needs in a healthy way.
S00009123,Special Education,2023-05-20,Learning disability,SE0001,6,Improved academic performance,Yes,Continue special education services for 1 more year. Provide additional support for the student to develop their reading skills. Schedule regular meetings with the parent to monitor progress.,The student has shown significant improvement in their academic performance since starting special education services. The teacher reported that the student is now able to complete assignments independently and is more confident in their abilities.
S00004567,Tutoring,2023-03-25,Low grades in English,T0012346,2,Grade improvement,Yes,Continue tutoring sessions for 1 more month and monitor progress. Provide additional resources for the student to practice reading comprehension at home.,The student showed significant improvement in English grades after 2 months of tutoring. The teacher reported that the student is now more confident in their reading abilities and is able to complete assignments independently.
S00009876,Counseling,2023-08-01,Social issues with peers,C0001235,2,Social improvement,No,Schedule regular check-ins with the student to monitor their social interactions and provide support as needed. Develop a social skills plan to help the student build relationships with peers.,The student has shown a significant improvement in their social interactions since starting counseling sessions. The counselor reported that the student is now able to form healthy relationships with peers and is more confident in their abilities.
S00023456,Special Education,2023-04-15,Learning disability,SE0002,5,Improved academic performance,Yes,Continue special education services for 1 more year. Provide additional support for the student to develop their writing skills. Schedule regular meetings with the parent to monitor progress.,The student has shown significant improvement in their academic performance since starting special education services. The teacher reported that the student is now able to complete assignments independently and is more confident in their abilities.
S00067890,Tutoring,2023-06-01,Low grades in science,T0012347,4,Grade improvement,Yes,Continue tutoring sessions for 1 more month and monitor progress. Provide additional resources for the student to practice science experiments at home.,The student showed significant improvement in science grades after 4 months of tutoring. The teacher reported that the student is now more confident in their abilities and is able to complete assignments independently.
S00034567,Counseling,2023-07-15,Emotional issues,C0001236,3,Emotional improvement,No,Schedule regular check-ins with the student to monitor their emotional well-being and provide support as needed. Develop an emotional regulation plan to help the student manage their emotions in the classroom.,The student has shown a significant improvement in their emotional well-being since starting counseling sessions. The counselor reported that the student is now able to express their feelings and needs in a healthy way.
S00056789,Special Education,2023-05-01,Learning disability,SE0003,7,Improved academic performance,Yes,Continue special education services for 1 more year. Provide additional support for the student to develop their reading skills. Schedule regular meetings with the parent to monitor progress.,The student has shown significant improvement in their academic performance since starting special education services. The teacher reported that the student is now able to complete assignments independently and is more confident in their abilities.
S00078901,Tutoring,2023-08-15,Low grades in history,T0012348,5,Grade improvement,Yes,Continue tutoring sessions for 1 more month and monitor progress. Provide additional resources for the student to practice historical events at home.,The student showed significant improvement in history grades after 5 months of tutoring. The teacher reported that the student is now more confident in their abilities and is able to complete assignments independently.
S00090123,Counseling,2023-06-20,Social issues with peers,C0001237,2,Social improvement,No,Schedule regular check-ins with the student to monitor their social interactions and provide support as needed. Develop a social skills plan to help the student build relationships with peers.,The student has shown a significant improvement in their social interactions since starting counseling sessions. The counselor reported that the student is now able to form healthy relationships with peers and is more confident in their abilities.
S12345,Tutoring,2024-07-20,Low grades,T001,3 months,Grade improvement,Yes,Continue tutoring sessions and monitor progress. Monitor student's grades and adjust tutoring plan as needed. Consider referring to special education if no improvement is seen.,"Student showed significant improvement in math and reading scores. However, writing skills still need improvement. Student's parents were engaged throughout the process and provided valuable feedback."
S00123,Counseling,2023-03-14,Emotional struggles,T00123,4 weeks,Improved emotional regulation,Yes,Regular check-ins with the student and parent to monitor progress. Provide additional counseling sessions as needed. Offer family therapy to address underlying issues. Monitor the student's emotional well-being and adjust the intervention plan accordingly. Regular progress reports will be shared with the parent.,"The student reported feeling overwhelmed with schoolwork and personal issues. The student's parents were involved in the intervention plan and attended counseling sessions with the student. The student's teacher reported improved focus and engagement in class. The student's grades showed a slight improvement, but the student still struggles with emotional regulation."
S00124,Special Education,2022-09-01,Learning difficulties,S00124,3 months,Improved reading skills,Yes,Continue with special education sessions twice a week. Monitor the student's progress and adjust the intervention plan as needed. Provide additional support for the student's parents to help them understand and support their child's learning needs. Regular progress reports will be shared with the parent.,The student struggled with reading comprehension and fluency. The student's parents were involved in the intervention plan and attended parent-teacher conferences. The student's teacher reported improved reading skills and increased confidence. The student's grades showed a significant improvement in reading comprehension.
S00125,Tutoring,2022-06-15,Low grades,T00125,2 months,Grade improvement,Yes,Continue with tutoring sessions once a week. Monitor the student's progress and adjust the intervention plan as needed. Provide additional support for the student's parents to help them understand and support their child's academic needs. Regular progress reports will be shared with the parent.,The student struggled with math and science. The student's parents were involved in the intervention plan and attended parent-teacher conferences. The student's teacher reported improved grades and increased confidence. The student's grades showed a significant improvement in math and science.
S00126,Counseling,2023-01-10,Social struggles,C00126,6 weeks,Improved social skills,Yes,Continue with counseling sessions once a week. Monitor the student's progress and adjust the intervention plan as needed. Provide additional support for the student's parents to help them understand and support their child's social needs. Regular progress reports will be shared with the parent.,"The student struggled with social interactions and friendships. The student's parents were involved in the intervention plan and attended counseling sessions with the student. The student's teacher reported improved social skills and increased confidence. The student's grades showed a slight improvement, but the student still struggles with social interactions."
S00127,Special Education,2022-11-01,Learning difficulties,S00127,5 weeks,Improved writing skills,Yes,Continue with special education sessions twice a week. Monitor the student's progress and adjust the intervention plan as needed. Provide additional support for the student's parents to help them understand and support their child's learning needs. Regular progress reports will be shared with the parent.,The student struggled with writing and organization. The student's parents were involved in the intervention plan and attended parent-teacher conferences. The student's teacher reported improved writing skills and increased confidence. The student's grades showed a significant improvement in writing.
S00128,Tutoring,2023-02-01,Low grades,T00128,3 months,Grade improvement,Yes,Continue with tutoring sessions once a week. Monitor the student's progress and adjust the intervention plan as needed. Provide additional support for the student's parents to help them understand and support their child's academic needs. Regular progress reports will be shared with the parent.,The student struggled with math and science. The student's parents were involved in the intervention plan and attended parent-teacher conferences. The student's teacher reported improved grades and increased confidence. The student's grades showed a significant improvement in math and science.
S00129,Counseling,2022-08-15,Emotional struggles,C00129,6 weeks,Improved emotional regulation,Yes,Regular check-ins with the student and parent to monitor progress. Provide additional counseling sessions as needed. Offer family therapy to address underlying issues. Monitor the student's emotional well-being and adjust the intervention plan accordingly. Regular progress reports will be shared with the parent.,"The student reported feeling overwhelmed with schoolwork and personal issues. The student's parents were involved in the intervention plan and attended counseling sessions with the student. The student's teacher reported improved focus and engagement in class. The student's grades showed a slight improvement, but the student still struggles with emotional regulation."
S00130,Special Education,2023-04-01,Learning difficulties,S00130,4 months,Improved reading skills,Yes,Continue with special education sessions twice a week. Monitor the student's progress and adjust the intervention plan as needed. Provide additional support for the student's parents to help them understand and support their child's learning needs. Regular progress reports will be shared with the parent.,The student struggled with reading comprehension and fluency. The student's parents were involved in the intervention plan and attended parent-teacher conferences. The student's teacher reported improved reading skills and increased confidence. The student's grades showed a significant improvement in reading comprehension.
S00131,Tutoring,2022-10-15,Low grades,T00131,5 weeks,Grade improvement,Yes,Continue with tutoring sessions once a week. Monitor the student's progress and adjust the intervention plan as needed. Provide additional support for the student's parents to help them understand and support their child's academic needs. Regular progress reports will be shared with the parent.,The student struggled with math and science. The student's parents were involved in the intervention plan and attended parent-teacher conferences. The student's teacher reported improved grades and increased confidence. The student's grades showed a significant improvement in math and science.
S00132,Counseling,2023-05-01,Social struggles,C00132,3 months,Improved social skills,Yes,Continue with counseling sessions once a week. Monitor the student's progress and adjust the intervention plan as needed. Provide additional support for the student's parents to help them understand and support their child's social needs. Regular progress reports will be shared with the parent.,"The student struggled with social interactions and friendships. The student's parents were involved in the intervention plan and attended counseling sessions with the student. The student's teacher reported improved social skills and increased confidence. The student's grades showed a slight improvement, but the student still struggles with social interactions."
213,Tutoring,2023-03-15,Low grades,101,6,Grade improvement,Yes,Continue tutoring sessions for 3 more months. Regularly schedule parent-teacher conferences.,"The student has shown significant improvement in math grades since the intervention started. However, the student still struggles with time management and organization. The assigned tutor will work with the student to develop better study habits."
213,Counseling,2023-04-01,Behavioral issues,102,4,Behavioral improvement,Yes,Schedule regular parent-teacher conferences to monitor the student's progress. Continue counseling sessions for the next 2 months.,"The student has shown significant improvement in their behavior since the intervention started. However, the student still struggles with impulse control and social skills. The assigned counselor will work with the student to develop better coping mechanisms and social skills."
214,Special Education,2023-02-20,Learning difficulties,103,12,Academic improvement,Yes,Continue special education sessions for the next 6 months. Schedule regular progress reports for the parents.,"The student has shown significant improvement in their academic performance since the intervention started. However, the student still struggles with reading comprehension and writing skills. The assigned special education teacher will work with the student to develop better reading and writing skills."
215,Mentorship,2023-05-01,Career guidance,104,3,Career goal clarity,Yes,Schedule regular career guidance sessions for the next 2 months. Help the student explore internship opportunities.,"The student has shown significant improvement in their career goals and aspirations since the intervention started. However, the student still struggles with time management and prioritization. The assigned mentor will work with the student to develop better time management skills."
216,English Language Support,2023-06-01,Language barriers,105,9,Language improvement,Yes,Continue English language support sessions for the next 6 months. Schedule regular progress reports for the parents.,"The student has shown significant improvement in their English language skills since the intervention started. However, the student still struggles with vocabulary and pronunciation. The assigned English language support teacher will work with the student to develop better vocabulary and pronunciation skills."